namespace,pod,node_name,cpu_usage_cores,mem_bytes,cpu_request_cores,collected_at
api-gateway,auth,worker-node-3,0.092979,263848133,0.25,2026-06-08 14:35:17
api-gateway,proxy,worker-node-2,0.167817,266814154,0.25,2026-06-08 14:35:17
billing,api-7d9f,worker-node-1,0.123194,551277776,0.2,2026-06-08 14:35:17
billing,db-replica,worker-node-3,0.579507,2211802792,0.5,2026-06-08 14:35:17
billing,worker-2,worker-node-1,0.349901,1053851424,0.5,2026-06-08 14:35:17
logging,elasticsearch,worker-node-2,0.852126,2122279005,1.0,2026-06-08 14:35:17
logging,kibana,worker-node-3,0.192358,534637719,0.5,2026-06-08 14:35:17
ml-inference,gpu-0,worker-node-1,1.233892,4293080134,2.0,2026-06-08 14:35:17
ml-inference,gpu-1,worker-node-2,1.120425,4289894577,2.0,2026-06-08 14:35:17
monitoring,prometheus,worker-node-1,0.023174,546985540,0.1,2026-06-08 14:35:17
api-gateway,auth,worker-node-3,0.122377,275522645,0.25,2026-06-08 14:35:36
api-gateway,proxy,worker-node-2,0.227933,281466771,0.25,2026-06-08 14:35:36
billing,api-7d9f,worker-node-1,0.168761,518524728,0.2,2026-06-08 14:35:36
billing,db-replica,worker-node-3,0.78361,2202035994,0.5,2026-06-08 14:35:36
billing,worker-2,worker-node-1,0.483878,1109536416,0.5,2026-06-08 14:35:36
logging,elasticsearch,worker-node-2,1.178314,2134550851,1.0,2026-06-08 14:35:36
logging,kibana,worker-node-3,0.257126,553962008,0.5,2026-06-08 14:35:36
ml-inference,gpu-0,worker-node-1,1.663331,4443298791,2.0,2026-06-08 14:35:36
ml-inference,gpu-1,worker-node-2,1.458902,4092116868,2.0,2026-06-08 14:35:36
monitoring,prometheus,worker-node-1,0.030934,528084412,0.1,2026-06-08 14:35:36
api-gateway,auth,worker-node-3,0.148954,257017795,0.25,2026-06-08 14:35:51
api-gateway,proxy,worker-node-2,0.280748,255699351,0.25,2026-06-08 14:35:51
billing,api-7d9f,worker-node-1,0.208996,530971214,0.2,2026-06-08 14:35:51
billing,db-replica,worker-node-3,0.979175,2203052452,0.5,2026-06-08 14:35:51
billing,worker-2,worker-node-1,0.595129,1114586257,0.5,2026-06-08 14:35:51
logging,elasticsearch,worker-node-2,1.484775,2126468520,1.0,2026-06-08 14:35:51
logging,kibana,worker-node-3,0.323556,515297888,0.5,2026-06-08 14:35:51
ml-inference,gpu-0,worker-node-1,2.075907,4496685614,2.0,2026-06-08 14:35:51
ml-inference,gpu-1,worker-node-2,1.845122,4258791127,2.0,2026-06-08 14:35:51
monitoring,prometheus,worker-node-1,0.039772,510865122,0.1,2026-06-08 14:35:51
api-gateway,auth,worker-node-3,0.181038,262616195,0.25,2026-06-08 14:36:10
api-gateway,proxy,worker-node-2,0.330375,261942935,0.25,2026-06-08 14:36:10
billing,api-7d9f,worker-node-1,0.247406,553371486,0.2,2026-06-08 14:36:10
billing,db-replica,worker-node-3,1.166198,2149316001,0.5,2026-06-08 14:36:10
billing,worker-2,worker-node-1,0.703256,1053978940,0.5,2026-06-08 14:36:10
logging,elasticsearch,worker-node-2,1.793445,2178657357,1.0,2026-06-08 14:36:10
logging,kibana,worker-node-3,0.398941,515295288,0.5,2026-06-08 14:36:10
ml-inference,gpu-0,worker-node-1,2.500803,4490203613,2.0,2026-06-08 14:36:10
ml-inference,gpu-1,worker-node-2,2.264429,4368115561,2.0,2026-06-08 14:36:10
monitoring,prometheus,worker-node-1,0.048556,524336273,0.1,2026-06-08 14:36:10
api-gateway,auth,worker-node-3,0.209207,263018835,0.25,2026-06-08 14:36:25
api-gateway,proxy,worker-node-2,0.38131,270921349,0.25,2026-06-08 14:36:25
billing,api-7d9f,worker-node-1,0.288909,513990762,0.2,2026-06-08 14:36:25
billing,db-replica,worker-node-3,1.323711,2228639979,0.5,2026-06-08 14:36:25
billing,worker-2,worker-node-1,0.822486,1122187331,0.5,2026-06-08 14:36:25
logging,elasticsearch,worker-node-2,2.104071,2080398221,1.0,2026-06-08 14:36:25
logging,kibana,worker-node-3,0.479027,552343184,0.5,2026-06-08 14:36:25
ml-inference,gpu-0,worker-node-1,2.965576,4366724273,2.0,2026-06-08 14:36:25
ml-inference,gpu-1,worker-node-2,2.643175,4138527034,2.0,2026-06-08 14:36:25
monitoring,prometheus,worker-node-1,0.055557,520468731,0.1,2026-06-08 14:36:25
api-gateway,auth,worker-node-3,0.243001,270259860,0.25,2026-06-08 14:36:43
api-gateway,proxy,worker-node-2,0.443816,272146905,0.25,2026-06-08 14:36:43
billing,api-7d9f,worker-node-1,0.327732,550621007,0.2,2026-06-08 14:36:43
billing,db-replica,worker-node-3,1.51533,2117634466,0.5,2026-06-08 14:36:43
billing,worker-2,worker-node-1,0.948805,1023994223,0.5,2026-06-08 14:36:43
logging,elasticsearch,worker-node-2,2.374967,2071337844,1.0,2026-06-08 14:36:43
logging,kibana,worker-node-3,0.544592,512336668,0.5,2026-06-08 14:36:43
ml-inference,gpu-0,worker-node-1,3.341831,4446458121,2.0,2026-06-08 14:36:43
ml-inference,gpu-1,worker-node-2,3.06937,4115702815,2.0,2026-06-08 14:36:43
monitoring,prometheus,worker-node-1,0.06257,522054128,0.1,2026-06-08 14:36:43
api-gateway,auth,worker-node-3,0.27448,271058926,0.25,2026-06-08 14:36:59
api-gateway,proxy,worker-node-2,0.490763,264875010,0.25,2026-06-08 14:36:59
billing,api-7d9f,worker-node-1,0.37021,550744610,0.2,2026-06-08 14:36:59
billing,db-replica,worker-node-3,1.683063,2047135292,0.5,2026-06-08 14:36:59
billing,worker-2,worker-node-1,1.053202,1041760419,0.5,2026-06-08 14:36:59
logging,elasticsearch,worker-node-2,2.653294,2128779126,1.0,2026-06-08 14:36:59
logging,kibana,worker-node-3,0.612899,510181163,0.5,2026-06-08 14:36:59
ml-inference,gpu-0,worker-node-1,3.789947,4195621113,2.0,2026-06-08 14:36:59
ml-inference,gpu-1,worker-node-2,3.472077,4230757760,2.0,2026-06-08 14:36:59
monitoring,prometheus,worker-node-1,0.069699,558257194,0.1,2026-06-08 14:36:59
api-gateway,auth,worker-node-3,0.304099,277486425,0.25,2026-06-08 14:37:17
api-gateway,proxy,worker-node-2,0.539507,271041254,0.25,2026-06-08 14:37:17
billing,api-7d9f,worker-node-1,0.410648,545125390,0.2,2026-06-08 14:37:17
billing,db-replica,worker-node-3,1.888698,2212598214,0.5,2026-06-08 14:37:17
billing,worker-2,worker-node-1,1.182862,1126639542,0.5,2026-06-08 14:37:17
logging,elasticsearch,worker-node-2,2.973973,2058567181,1.0,2026-06-08 14:37:17
logging,kibana,worker-node-3,0.677244,512286563,0.5,2026-06-08 14:37:17
ml-inference,gpu-0,worker-node-1,4.250048,4449658206,2.0,2026-06-08 14:37:17
ml-inference,gpu-1,worker-node-2,3.817431,4237258105,2.0,2026-06-08 14:37:17
monitoring,prometheus,worker-node-1,0.078427,556705552,0.1,2026-06-08 14:37:17
api-gateway,auth,worker-node-3,0.337423,263994415,0.25,2026-06-08 14:37:32
api-gateway,proxy,worker-node-2,0.599674,269955966,0.25,2026-06-08 14:37:32
billing,api-7d9f,worker-node-1,0.45712,555183063,0.2,2026-06-08 14:37:32
billing,db-replica,worker-node-3,2.079833,2195688735,0.5,2026-06-08 14:37:32
billing,worker-2,worker-node-1,1.31167,1075362297,0.5,2026-06-08 14:37:32
logging,elasticsearch,worker-node-2,3.271054,2131829614,1.0,2026-06-08 14:37:32
logging,kibana,worker-node-3,0.752173,531530749,0.5,2026-06-08 14:37:32
ml-inference,gpu-0,worker-node-1,4.679095,4334955772,2.0,2026-06-08 14:37:32
ml-inference,gpu-1,worker-node-2,4.241047,4082534764,2.0,2026-06-08 14:37:32
monitoring,prometheus,worker-node-1,0.085878,553491279,0.1,2026-06-08 14:37:32
api-gateway,auth,worker-node-3,0.369861,269959503,0.25,2026-06-08 14:37:50
api-gateway,proxy,worker-node-2,0.662244,272988245,0.25,2026-06-08 14:37:50
billing,api-7d9f,worker-node-1,0.506246,523697430,0.2,2026-06-08 14:37:50
billing,db-replica,worker-node-3,2.261088,2040970215,0.5,2026-06-08 14:37:50
billing,worker-2,worker-node-1,1.434196,1049814113,0.5,2026-06-08 14:37:50
logging,elasticsearch,worker-node-2,3.531694,2134454539,1.0,2026-06-08 14:37:50
logging,kibana,worker-node-3,0.815979,534345331,0.5,2026-06-08 14:37:50
ml-inference,gpu-0,worker-node-1,5.114109,4104278768,2.0,2026-06-08 14:37:50
ml-inference,gpu-1,worker-node-2,4.62856,4326404311,2.0,2026-06-08 14:37:50
monitoring,prometheus,worker-node-1,0.093627,528963135,0.1,2026-06-08 14:37:50
api-gateway,auth,worker-node-3,0.400194,281765792,0.25,2026-06-08 14:38:06
api-gateway,proxy,worker-node-2,0.721896,269419842,0.25,2026-06-08 14:38:06
billing,api-7d9f,worker-node-1,0.548213,562745105,0.2,2026-06-08 14:38:06
billing,db-replica,worker-node-3,2.435431,2232229430,0.5,2026-06-08 14:38:06
billing,worker-2,worker-node-1,1.564215,1050091941,0.5,2026-06-08 14:38:06
logging,elasticsearch,worker-node-2,3.823315,2186848479,1.0,2026-06-08 14:38:06
logging,kibana,worker-node-3,0.881563,529195187,0.5,2026-06-08 14:38:06
ml-inference,gpu-0,worker-node-1,5.516209,4290417969,2.0,2026-06-08 14:38:06
ml-inference,gpu-1,worker-node-2,5.044875,4296683028,2.0,2026-06-08 14:38:06
monitoring,prometheus,worker-node-1,0.101156,519860311,0.1,2026-06-08 14:38:06
api-gateway,auth,worker-node-3,0.430114,269024303,0.25,2026-06-08 14:38:24
api-gateway,proxy,worker-node-2,0.779513,255777440,0.25,2026-06-08 14:38:24
billing,api-7d9f,worker-node-1,0.594568,539046233,0.2,2026-06-08 14:38:24
billing,db-replica,worker-node-3,2.601224,2221134709,0.5,2026-06-08 14:38:24
billing,worker-2,worker-node-1,1.692506,1042697477,0.5,2026-06-08 14:38:24
logging,elasticsearch,worker-node-2,4.080585,2171642522,1.0,2026-06-08 14:38:24
logging,kibana,worker-node-3,0.953197,555015209,0.5,2026-06-08 14:38:24
ml-inference,gpu-0,worker-node-1,5.932561,4466304595,2.0,2026-06-08 14:38:24
ml-inference,gpu-1,worker-node-2,5.472122,4158248255,2.0,2026-06-08 14:38:24
monitoring,prometheus,worker-node-1,0.11034,548546106,0.1,2026-06-08 14:38:24
api-gateway,auth,worker-node-3,0.464545,260405054,0.25,2026-06-08 14:38:40
api-gateway,proxy,worker-node-2,0.834673,277172086,0.25,2026-06-08 14:38:40
billing,api-7d9f,worker-node-1,0.632407,534108136,0.2,2026-06-08 14:38:40
billing,db-replica,worker-node-3,2.768557,2132493903,0.5,2026-06-08 14:38:40
billing,worker-2,worker-node-1,1.821644,1027072549,0.5,2026-06-08 14:38:40
logging,elasticsearch,worker-node-2,4.405484,2077947986,1.0,2026-06-08 14:38:40
logging,kibana,worker-node-3,1.015605,517138692,0.5,2026-06-08 14:38:40
ml-inference,gpu-0,worker-node-1,6.352622,4369623566,2.0,2026-06-08 14:38:40
ml-inference,gpu-1,worker-node-2,5.830391,4131873782,2.0,2026-06-08 14:38:40
monitoring,prometheus,worker-node-1,0.117179,521300835,0.1,2026-06-08 14:38:40
api-gateway,auth,worker-node-3,0.495023,257402434,0.25,2026-06-08 14:38:59
api-gateway,proxy,worker-node-2,0.890091,271664748,0.25,2026-06-08 14:38:59
billing,api-7d9f,worker-node-1,0.678751,516473261,0.2,2026-06-08 14:38:59
billing,db-replica,worker-node-3,2.929883,2170090837,0.5,2026-06-08 14:38:59
billing,worker-2,worker-node-1,1.936863,1044443016,0.5,2026-06-08 14:38:59
logging,elasticsearch,worker-node-2,4.682684,2160799314,1.0,2026-06-08 14:38:59
logging,kibana,worker-node-3,1.084047,562482505,0.5,2026-06-08 14:38:59
ml-inference,gpu-0,worker-node-1,6.780284,4151351353,2.0,2026-06-08 14:38:59
ml-inference,gpu-1,worker-node-2,6.242879,4227978564,2.0,2026-06-08 14:38:59
monitoring,prometheus,worker-node-1,0.126111,530439989,0.1,2026-06-08 14:38:59
api-gateway,auth,worker-node-3,0.522406,265758335,0.25,2026-06-08 14:39:15
api-gateway,proxy,worker-node-2,0.944574,275625379,0.25,2026-06-08 14:39:15
billing,api-7d9f,worker-node-1,0.721546,519917856,0.2,2026-06-08 14:39:15
billing,db-replica,worker-node-3,3.126763,2046223212,0.5,2026-06-08 14:39:15
billing,worker-2,worker-node-1,2.050662,1089502439,0.5,2026-06-08 14:39:15
logging,elasticsearch,worker-node-2,4.944484,2114872588,1.0,2026-06-08 14:39:15
logging,kibana,worker-node-3,1.151113,561399393,0.5,2026-06-08 14:39:15
ml-inference,gpu-0,worker-node-1,7.245117,4381010636,2.0,2026-06-08 14:39:15
ml-inference,gpu-1,worker-node-2,6.589399,4098464499,2.0,2026-06-08 14:39:15
monitoring,prometheus,worker-node-1,0.135249,553821396,0.1,2026-06-08 14:39:15
api-gateway,auth,worker-node-3,0.552119,277133741,0.25,2026-06-08 14:39:33
api-gateway,proxy,worker-node-2,1.004544,270087092,0.25,2026-06-08 14:39:33
billing,api-7d9f,worker-node-1,0.76999,556894276,0.2,2026-06-08 14:39:33
billing,db-replica,worker-node-3,3.305568,2099233362,0.5,2026-06-08 14:39:33
billing,worker-2,worker-node-1,2.155794,1077682309,0.5,2026-06-08 14:39:33
logging,elasticsearch,worker-node-2,5.273803,2186122725,1.0,2026-06-08 14:39:33
logging,kibana,worker-node-3,1.2218,523798699,0.5,2026-06-08 14:39:33
ml-inference,gpu-0,worker-node-1,7.620626,4086826237,2.0,2026-06-08 14:39:33
ml-inference,gpu-1,worker-node-2,7.011833,4225057128,2.0,2026-06-08 14:39:33
monitoring,prometheus,worker-node-1,0.143212,510562676,0.1,2026-06-08 14:39:33
api-gateway,auth,worker-node-3,0.585407,257356084,0.25,2026-06-08 14:39:49
api-gateway,proxy,worker-node-2,1.063876,264168760,0.25,2026-06-08 14:39:49
billing,api-7d9f,worker-node-1,0.807587,524147585,0.2,2026-06-08 14:39:49
billing,db-replica,worker-node-3,3.500537,2054759828,0.5,2026-06-08 14:39:49
billing,worker-2,worker-node-1,2.258712,1033348176,0.5,2026-06-08 14:39:49
logging,elasticsearch,worker-node-2,5.571909,2204385727,1.0,2026-06-08 14:39:49
logging,kibana,worker-node-3,1.292928,515572554,0.5,2026-06-08 14:39:49
ml-inference,gpu-0,worker-node-1,8.012432,4383751659,2.0,2026-06-08 14:39:49
ml-inference,gpu-1,worker-node-2,7.372293,4287200050,2.0,2026-06-08 14:39:49
monitoring,prometheus,worker-node-1,0.151414,533430566,0.1,2026-06-08 14:39:49
api-gateway,auth,worker-node-3,0.612578,269305714,0.25,2026-06-08 14:40:07
api-gateway,proxy,worker-node-2,1.124929,259440779,0.25,2026-06-08 14:40:07
billing,api-7d9f,worker-node-1,0.855785,520159582,0.2,2026-06-08 14:40:07
billing,db-replica,worker-node-3,3.667258,2182630355,0.5,2026-06-08 14:40:07
billing,worker-2,worker-node-1,2.39447,1031596903,0.5,2026-06-08 14:40:07
logging,elasticsearch,worker-node-2,5.902868,2236765847,1.0,2026-06-08 14:40:07
logging,kibana,worker-node-3,1.36265,549582094,0.5,2026-06-08 14:40:07
ml-inference,gpu-0,worker-node-1,8.416209,4454686772,2.0,2026-06-08 14:40:07
ml-inference,gpu-1,worker-node-2,7.768694,4369972485,2.0,2026-06-08 14:40:07
monitoring,prometheus,worker-node-1,0.158384,562267247,0.1,2026-06-08 14:40:07
api-gateway,auth,worker-node-3,0.671542,256215923,0.25,2026-06-08 14:40:23
api-gateway,proxy,worker-node-2,1.244474,271344320,0.25,2026-06-08 14:40:23
billing,api-7d9f,worker-node-1,0.941374,526407553,0.2,2026-06-08 14:40:23
billing,db-replica,worker-node-3,4.046755,2074152778,0.5,2026-06-08 14:40:23
billing,worker-2,worker-node-1,2.636581,1035900450,0.5,2026-06-08 14:40:23
logging,elasticsearch,worker-node-2,6.419529,2184404293,1.0,2026-06-08 14:40:23
logging,kibana,worker-node-3,1.504094,541407879,0.5,2026-06-08 14:40:23
ml-inference,gpu-0,worker-node-1,9.288214,4187528107,2.0,2026-06-08 14:40:23
ml-inference,gpu-1,worker-node-2,8.581058,4199059818,2.0,2026-06-08 14:40:23
monitoring,prometheus,worker-node-1,0.175893,512560012,0.1,2026-06-08 14:40:23
api-gateway,auth,worker-node-3,0.705191,280724162,0.25,2026-06-08 14:40:42
api-gateway,proxy,worker-node-2,1.295641,261386186,0.25,2026-06-08 14:40:42
billing,api-7d9f,worker-node-1,0.978393,544628461,0.2,2026-06-08 14:40:42
billing,db-replica,worker-node-3,4.202924,2188414298,0.5,2026-06-08 14:40:42
billing,worker-2,worker-node-1,2.765576,1078210799,0.5,2026-06-08 14:40:42
logging,elasticsearch,worker-node-2,6.700958,2195820525,1.0,2026-06-08 14:40:42
logging,kibana,worker-node-3,1.566679,537480819,0.5,2026-06-08 14:40:42
ml-inference,gpu-0,worker-node-1,9.722393,4450688775,2.0,2026-06-08 14:40:42
ml-inference,gpu-1,worker-node-2,9.003984,4502401463,2.0,2026-06-08 14:40:42
monitoring,prometheus,worker-node-1,0.182949,529759130,0.1,2026-06-08 14:40:42
api-gateway,auth,worker-node-3,0.737108,279246910,0.25,2026-06-08 14:40:57
api-gateway,proxy,worker-node-2,1.355308,267988763,0.25,2026-06-08 14:40:57
billing,api-7d9f,worker-node-1,1.024459,515287975,0.2,2026-06-08 14:40:57
billing,db-replica,worker-node-3,4.388578,2156555344,0.5,2026-06-08 14:40:57
billing,worker-2,worker-node-1,2.880564,1044452216,0.5,2026-06-08 14:40:57
logging,elasticsearch,worker-node-2,6.959968,2240682580,1.0,2026-06-08 14:40:57
logging,kibana,worker-node-3,1.642692,521855112,0.5,2026-06-08 14:40:57
ml-inference,gpu-0,worker-node-1,10.190652,4378630759,2.0,2026-06-08 14:40:57
ml-inference,gpu-1,worker-node-2,9.344894,4423997212,2.0,2026-06-08 14:40:57
monitoring,prometheus,worker-node-1,0.191513,548960516,0.1,2026-06-08 14:40:57
api-gateway,auth,worker-node-3,0.762905,275714651,0.25,2026-06-08 14:41:16
api-gateway,proxy,worker-node-2,1.407169,280830830,0.25,2026-06-08 14:41:16
billing,api-7d9f,worker-node-1,1.063445,537338470,0.2,2026-06-08 14:41:16
billing,db-replica,worker-node-3,4.542334,2178734829,0.5,2026-06-08 14:41:16
billing,worker-2,worker-node-1,2.99631,1023518446,0.5,2026-06-08 14:41:16
logging,elasticsearch,worker-node-2,7.213048,2080304691,1.0,2026-06-08 14:41:16
logging,kibana,worker-node-3,1.71772,552727615,0.5,2026-06-08 14:41:16
ml-inference,gpu-0,worker-node-1,10.59534,4410395893,2.0,2026-06-08 14:41:16
ml-inference,gpu-1,worker-node-2,9.693316,4139431279,2.0,2026-06-08 14:41:16
monitoring,prometheus,worker-node-1,0.200149,562974689,0.1,2026-06-08 14:41:16
api-gateway,auth,worker-node-3,0.790427,263917975,0.25,2026-06-08 14:41:32
api-gateway,proxy,worker-node-2,1.461453,260256053,0.25,2026-06-08 14:41:32
billing,api-7d9f,worker-node-1,1.106718,519605377,0.2,2026-06-08 14:41:32
billing,db-replica,worker-node-3,4.704542,2193901737,0.5,2026-06-08 14:41:32
billing,worker-2,worker-node-1,3.126043,1025686020,0.5,2026-06-08 14:41:32
logging,elasticsearch,worker-node-2,7.522619,2062637070,1.0,2026-06-08 14:41:32
logging,kibana,worker-node-3,1.790595,518041702,0.5,2026-06-08 14:41:32
ml-inference,gpu-0,worker-node-1,11.003725,4127533028,2.0,2026-06-08 14:41:32
ml-inference,gpu-1,worker-node-2,10.093636,4479533783,2.0,2026-06-08 14:41:32
monitoring,prometheus,worker-node-1,0.207175,560738086,0.1,2026-06-08 14:41:32
api-gateway,auth,worker-node-3,0.820275,261266489,0.25,2026-06-08 14:41:50
api-gateway,proxy,worker-node-2,1.5233,263630376,0.25,2026-06-08 14:41:50
billing,api-7d9f,worker-node-1,1.146936,533618987,0.2,2026-06-08 14:41:50
billing,db-replica,worker-node-3,4.900904,2108600622,0.5,2026-06-08 14:41:50
billing,worker-2,worker-node-1,3.236958,1038273141,0.5,2026-06-08 14:41:50
logging,elasticsearch,worker-node-2,7.825703,2170685515,1.0,2026-06-08 14:41:50
logging,kibana,worker-node-3,1.854168,510910320,0.5,2026-06-08 14:41:50
ml-inference,gpu-0,worker-node-1,11.377954,4309798021,2.0,2026-06-08 14:41:50
ml-inference,gpu-1,worker-node-2,10.444927,4500001632,2.0,2026-06-08 14:41:50
monitoring,prometheus,worker-node-1,0.214571,531817114,0.1,2026-06-08 14:41:50
api-gateway,auth,worker-node-3,0.848991,259686063,0.25,2026-06-08 14:42:06
api-gateway,proxy,worker-node-2,1.577387,280096338,0.25,2026-06-08 14:42:06
billing,api-7d9f,worker-node-1,1.189887,541310778,0.2,2026-06-08 14:42:06
billing,db-replica,worker-node-3,5.064847,2079778764,0.5,2026-06-08 14:42:06
billing,worker-2,worker-node-1,3.356208,1034375348,0.5,2026-06-08 14:42:06
logging,elasticsearch,worker-node-2,8.117482,2227890760,1.0,2026-06-08 14:42:06
logging,kibana,worker-node-3,1.918958,517762751,0.5,2026-06-08 14:42:06
ml-inference,gpu-0,worker-node-1,11.757265,4385396954,2.0,2026-06-08 14:42:06
ml-inference,gpu-1,worker-node-2,10.791354,4389789582,2.0,2026-06-08 14:42:06
monitoring,prometheus,worker-node-1,0.222546,535510558,0.1,2026-06-08 14:42:06
api-gateway,auth,worker-node-3,0.876228,272830846,0.25,2026-06-08 14:42:25
api-gateway,proxy,worker-node-2,1.624685,281592646,0.25,2026-06-08 14:42:25
billing,api-7d9f,worker-node-1,1.228484,562400304,0.2,2026-06-08 14:42:25
billing,db-replica,worker-node-3,5.256725,2068774564,0.5,2026-06-08 14:42:25
billing,worker-2,worker-node-1,3.473511,1045647803,0.5,2026-06-08 14:42:25
logging,elasticsearch,worker-node-2,8.42971,2128796896,1.0,2026-06-08 14:42:25
logging,kibana,worker-node-3,1.99729,559603903,0.5,2026-06-08 14:42:25
ml-inference,gpu-0,worker-node-1,12.120845,4494400088,2.0,2026-06-08 14:42:25
ml-inference,gpu-1,worker-node-2,11.188699,4089575070,2.0,2026-06-08 14:42:25
monitoring,prometheus,worker-node-1,0.230551,563533685,0.1,2026-06-08 14:42:25
api-gateway,auth,worker-node-3,0.902914,259224230,0.25,2026-06-08 14:42:40
api-gateway,proxy,worker-node-2,1.685197,260627789,0.25,2026-06-08 14:42:40
billing,api-7d9f,worker-node-1,1.275982,540329714,0.2,2026-06-08 14:42:40
billing,db-replica,worker-node-3,5.459343,2135596868,0.5,2026-06-08 14:42:40
billing,worker-2,worker-node-1,3.606386,1074402798,0.5,2026-06-08 14:42:40
logging,elasticsearch,worker-node-2,8.714205,2201184540,1.0,2026-06-08 14:42:40
logging,kibana,worker-node-3,2.057362,553263313,0.5,2026-06-08 14:42:40
ml-inference,gpu-0,worker-node-1,12.522653,4104287340,2.0,2026-06-08 14:42:40
ml-inference,gpu-1,worker-node-2,11.518389,4301979124,2.0,2026-06-08 14:42:40
monitoring,prometheus,worker-node-1,0.239686,538810228,0.1,2026-06-08 14:42:40
api-gateway,auth,worker-node-3,0.932387,274493193,0.25,2026-06-08 14:42:59
api-gateway,proxy,worker-node-2,1.74366,277371670,0.25,2026-06-08 14:42:59
billing,api-7d9f,worker-node-1,1.316965,559361230,0.2,2026-06-08 14:42:59
billing,db-replica,worker-node-3,5.65132,2214440574,0.5,2026-06-08 14:42:59
billing,worker-2,worker-node-1,3.708662,1024942191,0.5,2026-06-08 14:42:59
logging,elasticsearch,worker-node-2,9.027395,2145488955,1.0,2026-06-08 14:42:59
logging,kibana,worker-node-3,2.133719,558452141,0.5,2026-06-08 14:42:59
ml-inference,gpu-0,worker-node-1,12.871292,4257494962,2.0,2026-06-08 14:42:59
ml-inference,gpu-1,worker-node-2,11.854414,4167305899,2.0,2026-06-08 14:42:59
monitoring,prometheus,worker-node-1,0.248757,517449196,0.1,2026-06-08 14:42:59
api-gateway,auth,worker-node-3,0.958805,275517523,0.25,2026-06-08 14:43:15
api-gateway,proxy,worker-node-2,1.792093,275524045,0.25,2026-06-08 14:43:15
billing,api-7d9f,worker-node-1,1.355111,524412642,0.2,2026-06-08 14:43:15
billing,db-replica,worker-node-3,5.857818,2140288087,0.5,2026-06-08 14:43:15
billing,worker-2,worker-node-1,3.820427,1086818316,0.5,2026-06-08 14:43:15
logging,elasticsearch,worker-node-2,9.309651,2172619127,1.0,2026-06-08 14:43:15
logging,kibana,worker-node-3,2.206584,521422350,0.5,2026-06-08 14:43:15
ml-inference,gpu-0,worker-node-1,13.244911,4182708619,2.0,2026-06-08 14:43:15
ml-inference,gpu-1,worker-node-2,12.184936,4455319792,2.0,2026-06-08 14:43:15
monitoring,prometheus,worker-node-1,0.25637,552098963,0.1,2026-06-08 14:43:15
api-gateway,auth,worker-node-3,0.987297,270411887,0.25,2026-06-08 14:43:31
api-gateway,proxy,worker-node-2,1.847029,267470208,0.25,2026-06-08 14:43:31
billing,api-7d9f,worker-node-1,1.401892,546650211,0.2,2026-06-08 14:43:31
billing,db-replica,worker-node-3,6.053733,2168673398,0.5,2026-06-08 14:43:31
billing,worker-2,worker-node-1,3.927909,1072564664,0.5,2026-06-08 14:43:31
logging,elasticsearch,worker-node-2,9.616181,2098481220,1.0,2026-06-08 14:43:31
logging,kibana,worker-node-3,2.267902,551986704,0.5,2026-06-08 14:43:31
ml-inference,gpu-0,worker-node-1,13.704686,4490103977,2.0,2026-06-08 14:43:31
ml-inference,gpu-1,worker-node-2,12.560296,4356468559,2.0,2026-06-08 14:43:31
monitoring,prometheus,worker-node-1,0.263716,524991999,0.1,2026-06-08 14:43:31
api-gateway,auth,worker-node-3,1.017529,268319215,0.25,2026-06-08 14:43:49
api-gateway,proxy,worker-node-2,1.897662,274213242,0.25,2026-06-08 14:43:49
billing,api-7d9f,worker-node-1,1.442394,536774362,0.2,2026-06-08 14:43:49
billing,db-replica,worker-node-3,6.206856,2130439964,0.5,2026-06-08 14:43:49
billing,worker-2,worker-node-1,4.059116,1112165936,0.5,2026-06-08 14:43:49
logging,elasticsearch,worker-node-2,9.933788,2103204223,1.0,2026-06-08 14:43:49
logging,kibana,worker-node-3,2.331621,558191583,0.5,2026-06-08 14:43:49
ml-inference,gpu-0,worker-node-1,14.151785,4260322763,2.0,2026-06-08 14:43:49
ml-inference,gpu-1,worker-node-2,12.974385,4311833920,2.0,2026-06-08 14:43:49
monitoring,prometheus,worker-node-1,0.272432,532663113,0.1,2026-06-08 14:43:49
api-gateway,auth,worker-node-3,1.049751,267372520,0.25,2026-06-08 14:44:05
api-gateway,proxy,worker-node-2,1.958555,264461135,0.25,2026-06-08 14:44:05
billing,api-7d9f,worker-node-1,1.489004,560336839,0.2,2026-06-08 14:44:05
billing,db-replica,worker-node-3,6.376314,2119065765,0.5,2026-06-08 14:44:05
billing,worker-2,worker-node-1,4.171238,1023898066,0.5,2026-06-08 14:44:05
logging,elasticsearch,worker-node-2,10.241786,2149092976,1.0,2026-06-08 14:44:05
logging,kibana,worker-node-3,2.393219,559427524,0.5,2026-06-08 14:44:05
ml-inference,gpu-0,worker-node-1,14.5194,4116917836,2.0,2026-06-08 14:44:05
ml-inference,gpu-1,worker-node-2,13.401529,4259780838,2.0,2026-06-08 14:44:05
monitoring,prometheus,worker-node-1,0.280752,541352704,0.1,2026-06-08 14:44:05
api-gateway,auth,worker-node-3,1.078088,275337929,0.25,2026-06-08 14:44:24
api-gateway,proxy,worker-node-2,2.016047,260500813,0.25,2026-06-08 14:44:24
billing,api-7d9f,worker-node-1,1.53399,530169668,0.2,2026-06-08 14:44:24
billing,db-replica,worker-node-3,6.571908,2180046319,0.5,2026-06-08 14:44:24
billing,worker-2,worker-node-1,4.305381,1097582419,0.5,2026-06-08 14:44:24
logging,elasticsearch,worker-node-2,10.522164,2155361002,1.0,2026-06-08 14:44:24
logging,kibana,worker-node-3,2.457439,540396550,0.5,2026-06-08 14:44:24
ml-inference,gpu-0,worker-node-1,14.882482,4450805232,2.0,2026-06-08 14:44:24
ml-inference,gpu-1,worker-node-2,13.759614,4098977832,2.0,2026-06-08 14:44:24
monitoring,prometheus,worker-node-1,0.28862,510458969,0.1,2026-06-08 14:44:24
api-gateway,auth,worker-node-3,1.107292,271722629,0.25,2026-06-08 14:44:40
api-gateway,proxy,worker-node-2,2.063985,255101322,0.25,2026-06-08 14:44:40
billing,api-7d9f,worker-node-1,1.583157,542825862,0.2,2026-06-08 14:44:40
billing,db-replica,worker-node-3,6.726886,2233078315,0.5,2026-06-08 14:44:40
billing,worker-2,worker-node-1,4.423309,1117829086,0.5,2026-06-08 14:44:40
logging,elasticsearch,worker-node-2,10.833202,2244478411,1.0,2026-06-08 14:44:40
logging,kibana,worker-node-3,2.533448,535841561,0.5,2026-06-08 14:44:40
ml-inference,gpu-0,worker-node-1,15.295624,4086912007,2.0,2026-06-08 14:44:40
ml-inference,gpu-1,worker-node-2,14.086306,4500935123,2.0,2026-06-08 14:44:40
monitoring,prometheus,worker-node-1,0.297672,542819249,0.1,2026-06-08 14:44:40
api-gateway,auth,worker-node-3,1.137639,255059326,0.25,2026-06-08 14:44:59
api-gateway,proxy,worker-node-2,2.119448,266941003,0.25,2026-06-08 14:44:59
billing,api-7d9f,worker-node-1,1.623905,517001093,0.2,2026-06-08 14:44:59
billing,db-replica,worker-node-3,6.920226,2242160641,0.5,2026-06-08 14:44:59
billing,worker-2,worker-node-1,4.539274,1106201487,0.5,2026-06-08 14:44:59
logging,elasticsearch,worker-node-2,11.133082,2060725141,1.0,2026-06-08 14:44:59
logging,kibana,worker-node-3,2.603611,558005526,0.5,2026-06-08 14:44:59
ml-inference,gpu-0,worker-node-1,15.672351,4295935744,2.0,2026-06-08 14:44:59
ml-inference,gpu-1,worker-node-2,14.487978,4369353934,2.0,2026-06-08 14:44:59
monitoring,prometheus,worker-node-1,0.305673,552261645,0.1,2026-06-08 14:44:59
api-gateway,auth,worker-node-3,1.170494,274871393,0.25,2026-06-08 14:45:15
api-gateway,proxy,worker-node-2,2.178648,279644963,0.25,2026-06-08 14:45:15
billing,api-7d9f,worker-node-1,1.672123,537287692,0.2,2026-06-08 14:45:15
billing,db-replica,worker-node-3,7.113792,2170709284,0.5,2026-06-08 14:45:15
billing,worker-2,worker-node-1,4.673204,1104730683,0.5,2026-06-08 14:45:15
logging,elasticsearch,worker-node-2,11.391847,2223225882,1.0,2026-06-08 14:45:15
logging,kibana,worker-node-3,2.681526,547760108,0.5,2026-06-08 14:45:15
ml-inference,gpu-0,worker-node-1,16.052414,4355250571,2.0,2026-06-08 14:45:15
ml-inference,gpu-1,worker-node-2,14.922025,4449259018,2.0,2026-06-08 14:45:15
monitoring,prometheus,worker-node-1,0.313148,540966066,0.1,2026-06-08 14:45:15
api-gateway,auth,worker-node-3,1.230646,279623691,0.25,2026-06-08 14:45:33
api-gateway,proxy,worker-node-2,2.284513,263609628,0.25,2026-06-08 14:45:33
billing,api-7d9f,worker-node-1,1.75596,561405841,0.2,2026-06-08 14:45:33
billing,db-replica,worker-node-3,7.503007,2122073406,0.5,2026-06-08 14:45:33
billing,worker-2,worker-node-1,4.923941,1053677654,0.5,2026-06-08 14:45:33
logging,elasticsearch,worker-node-2,11.971512,2125680716,1.0,2026-06-08 14:45:33
logging,kibana,worker-node-3,2.829589,563280915,0.5,2026-06-08 14:45:33
ml-inference,gpu-0,worker-node-1,16.852671,4446089518,2.0,2026-06-08 14:45:33
ml-inference,gpu-1,worker-node-2,15.740219,4371886206,2.0,2026-06-08 14:45:33
monitoring,prometheus,worker-node-1,0.329265,513438375,0.1,2026-06-08 14:45:33
api-gateway,auth,worker-node-3,1.258307,260611349,0.25,2026-06-08 14:45:49
api-gateway,proxy,worker-node-2,2.333229,274282036,0.25,2026-06-08 14:45:49
billing,api-7d9f,worker-node-1,1.804617,558383034,0.2,2026-06-08 14:45:49
billing,db-replica,worker-node-3,7.674824,2239233726,0.5,2026-06-08 14:45:49
billing,worker-2,worker-node-1,5.056666,1084710505,0.5,2026-06-08 14:45:49
logging,elasticsearch,worker-node-2,12.289084,2083204528,1.0,2026-06-08 14:45:49
logging,kibana,worker-node-3,2.893085,519723443,0.5,2026-06-08 14:45:49
ml-inference,gpu-0,worker-node-1,17.255219,4162708760,2.0,2026-06-08 14:45:49
ml-inference,gpu-1,worker-node-2,16.100934,4263703748,2.0,2026-06-08 14:45:49
monitoring,prometheus,worker-node-1,0.337427,538165790,0.1,2026-06-08 14:45:49
api-gateway,auth,worker-node-3,1.286321,262805130,0.25,2026-06-08 14:46:08
api-gateway,proxy,worker-node-2,2.383785,276362554,0.25,2026-06-08 14:46:08
billing,api-7d9f,worker-node-1,1.84144,539228395,0.2,2026-06-08 14:46:08
billing,db-replica,worker-node-3,7.849638,2115292191,0.5,2026-06-08 14:46:08
billing,worker-2,worker-node-1,5.189627,1096983175,0.5,2026-06-08 14:46:08
logging,elasticsearch,worker-node-2,12.54889,2215498804,1.0,2026-06-08 14:46:08
logging,kibana,worker-node-3,2.958087,546210361,0.5,2026-06-08 14:46:08
ml-inference,gpu-0,worker-node-1,17.627265,4303539809,2.0,2026-06-08 14:46:08
ml-inference,gpu-1,worker-node-2,16.445047,4302883438,2.0,2026-06-08 14:46:08
monitoring,prometheus,worker-node-1,0.345065,551452077,0.1,2026-06-08 14:46:08
api-gateway,auth,worker-node-3,1.315383,259682458,0.25,2026-06-08 14:46:24
api-gateway,proxy,worker-node-2,2.4353,275749375,0.25,2026-06-08 14:46:24
billing,api-7d9f,worker-node-1,1.883801,522975716,0.2,2026-06-08 14:46:24
billing,db-replica,worker-node-3,8.020513,2044314548,0.5,2026-06-08 14:46:24
billing,worker-2,worker-node-1,5.304021,1068422606,0.5,2026-06-08 14:46:24
logging,elasticsearch,worker-node-2,12.834591,2164038146,1.0,2026-06-08 14:46:24
logging,kibana,worker-node-3,3.01941,516886609,0.5,2026-06-08 14:46:24
ml-inference,gpu-0,worker-node-1,17.985415,4190119681,2.0,2026-06-08 14:46:24
ml-inference,gpu-1,worker-node-2,16.769118,4160025874,2.0,2026-06-08 14:46:24
monitoring,prometheus,worker-node-1,0.352615,516757940,0.1,2026-06-08 14:46:24
api-gateway,auth,worker-node-3,1.342818,261891115,0.25,2026-06-08 14:46:43
api-gateway,proxy,worker-node-2,2.484571,279692309,0.25,2026-06-08 14:46:43
billing,api-7d9f,worker-node-1,1.929074,522771974,0.2,2026-06-08 14:46:43
billing,db-replica,worker-node-3,8.222159,2075243690,0.5,2026-06-08 14:46:43
billing,worker-2,worker-node-1,5.420964,1068616748,0.5,2026-06-08 14:46:43
logging,elasticsearch,worker-node-2,13.155825,2073925329,1.0,2026-06-08 14:46:43
logging,kibana,worker-node-3,3.083615,542985578,0.5,2026-06-08 14:46:43
ml-inference,gpu-0,worker-node-1,18.412447,4319479781,2.0,2026-06-08 14:46:43
ml-inference,gpu-1,worker-node-2,17.201593,4175594487,2.0,2026-06-08 14:46:43
monitoring,prometheus,worker-node-1,0.360751,560087521,0.1,2026-06-08 14:46:43
api-gateway,auth,worker-node-3,1.376593,267445254,0.25,2026-06-08 14:46:59
api-gateway,proxy,worker-node-2,2.545643,270925752,0.25,2026-06-08 14:46:59
billing,api-7d9f,worker-node-1,1.968762,521717279,0.2,2026-06-08 14:46:59
billing,db-replica,worker-node-3,8.420688,2247627435,0.5,2026-06-08 14:46:59
billing,worker-2,worker-node-1,5.534402,1111926870,0.5,2026-06-08 14:46:59
logging,elasticsearch,worker-node-2,13.426213,2238439410,1.0,2026-06-08 14:46:59
logging,kibana,worker-node-3,3.153598,560317064,0.5,2026-06-08 14:46:59
ml-inference,gpu-0,worker-node-1,18.781764,4174728646,2.0,2026-06-08 14:46:59
ml-inference,gpu-1,worker-node-2,17.544618,4384879526,2.0,2026-06-08 14:46:59
monitoring,prometheus,worker-node-1,0.368618,556042565,0.1,2026-06-08 14:46:59
api-gateway,auth,worker-node-3,1.404364,274791193,0.25,2026-06-08 14:47:18
api-gateway,proxy,worker-node-2,2.598357,262818481,0.25,2026-06-08 14:47:18
billing,api-7d9f,worker-node-1,2.012396,540270640,0.2,2026-06-08 14:47:18
billing,db-replica,worker-node-3,8.606662,2224850614,0.5,2026-06-08 14:47:18
billing,worker-2,worker-node-1,5.640314,1121391825,0.5,2026-06-08 14:47:18
logging,elasticsearch,worker-node-2,13.718748,2167301638,1.0,2026-06-08 14:47:18
logging,kibana,worker-node-3,3.22398,558624703,0.5,2026-06-08 14:47:18
ml-inference,gpu-0,worker-node-1,19.203512,4314483338,2.0,2026-06-08 14:47:18
ml-inference,gpu-1,worker-node-2,17.894765,4112822229,2.0,2026-06-08 14:47:18
monitoring,prometheus,worker-node-1,0.376932,526987102,0.1,2026-06-08 14:47:18
api-gateway,auth,worker-node-3,1.436912,272774838,0.25,2026-06-08 14:47:34
api-gateway,proxy,worker-node-2,2.655197,262650050,0.25,2026-06-08 14:47:34
billing,api-7d9f,worker-node-1,2.04984,512552087,0.2,2026-06-08 14:47:34
billing,db-replica,worker-node-3,8.785603,2046284133,0.5,2026-06-08 14:47:34
billing,worker-2,worker-node-1,5.77406,1031457847,0.5,2026-06-08 14:47:34
logging,elasticsearch,worker-node-2,14.049206,2112320227,1.0,2026-06-08 14:47:34
logging,kibana,worker-node-3,3.296675,540106916,0.5,2026-06-08 14:47:34
ml-inference,gpu-0,worker-node-1,19.605731,4180771491,2.0,2026-06-08 14:47:34
ml-inference,gpu-1,worker-node-2,18.322259,4091929144,2.0,2026-06-08 14:47:34
monitoring,prometheus,worker-node-1,0.383757,525144182,0.1,2026-06-08 14:47:34
api-gateway,auth,worker-node-3,1.468171,275027949,0.25,2026-06-08 14:47:53
api-gateway,proxy,worker-node-2,2.704258,265047681,0.25,2026-06-08 14:47:53
billing,api-7d9f,worker-node-1,2.088642,545592225,0.2,2026-06-08 14:47:53
billing,db-replica,worker-node-3,8.947403,2240604888,0.5,2026-06-08 14:47:53
billing,worker-2,worker-node-1,5.883811,1096668986,0.5,2026-06-08 14:47:53
logging,elasticsearch,worker-node-2,14.300973,2189936416,1.0,2026-06-08 14:47:53
logging,kibana,worker-node-3,3.365088,515891188,0.5,2026-06-08 14:47:53
ml-inference,gpu-0,worker-node-1,20.065647,4081700909,2.0,2026-06-08 14:47:53
ml-inference,gpu-1,worker-node-2,18.656277,4084174223,2.0,2026-06-08 14:47:53
monitoring,prometheus,worker-node-1,0.392856,531897961,0.1,2026-06-08 14:47:53
api-gateway,auth,worker-node-3,1.494406,279516703,0.25,2026-06-08 14:48:09
api-gateway,proxy,worker-node-2,2.767306,267096073,0.25,2026-06-08 14:48:09
billing,api-7d9f,worker-node-1,2.129948,554278408,0.2,2026-06-08 14:48:09
billing,db-replica,worker-node-3,9.133275,2193481776,0.5,2026-06-08 14:48:09
billing,worker-2,worker-node-1,5.994708,1109295103,0.5,2026-06-08 14:48:09
logging,elasticsearch,worker-node-2,14.605696,2215272878,1.0,2026-06-08 14:48:09
logging,kibana,worker-node-3,3.439795,515482642,0.5,2026-06-08 14:48:09
ml-inference,gpu-0,worker-node-1,20.514747,4194816915,2.0,2026-06-08 14:48:09
ml-inference,gpu-1,worker-node-2,18.994511,4494090901,2.0,2026-06-08 14:48:09
monitoring,prometheus,worker-node-1,0.40007,560278711,0.1,2026-06-08 14:48:09
api-gateway,auth,worker-node-3,1.526061,275137206,0.25,2026-06-08 14:48:28
api-gateway,proxy,worker-node-2,2.823118,263959445,0.25,2026-06-08 14:48:28
billing,api-7d9f,worker-node-1,2.170635,523524238,0.2,2026-06-08 14:48:28
billing,db-replica,worker-node-3,9.318086,2208064156,0.5,2026-06-08 14:48:28
billing,worker-2,worker-node-1,6.12475,1124897589,0.5,2026-06-08 14:48:28
logging,elasticsearch,worker-node-2,14.892684,2248111792,1.0,2026-06-08 14:48:28
logging,kibana,worker-node-3,3.504488,523266112,0.5,2026-06-08 14:48:28
ml-inference,gpu-0,worker-node-1,20.983216,4445456396,2.0,2026-06-08 14:48:28
ml-inference,gpu-1,worker-node-2,19.354954,4416316725,2.0,2026-06-08 14:48:28
monitoring,prometheus,worker-node-1,0.408549,512649642,0.1,2026-06-08 14:48:28
api-gateway,auth,worker-node-3,1.558748,256922741,0.25,2026-06-08 14:48:43
api-gateway,proxy,worker-node-2,2.878762,265393768,0.25,2026-06-08 14:48:43
billing,api-7d9f,worker-node-1,2.208638,559876992,0.2,2026-06-08 14:48:43
billing,db-replica,worker-node-3,9.510528,2064639316,0.5,2026-06-08 14:48:43
billing,worker-2,worker-node-1,6.236857,1117780126,0.5,2026-06-08 14:48:43
logging,elasticsearch,worker-node-2,15.142124,2149330113,1.0,2026-06-08 14:48:43
logging,kibana,worker-node-3,3.584756,512314155,0.5,2026-06-08 14:48:43
ml-inference,gpu-0,worker-node-1,21.400733,4134669811,2.0,2026-06-08 14:48:43
ml-inference,gpu-1,worker-node-2,19.700994,4430860612,2.0,2026-06-08 14:48:43
monitoring,prometheus,worker-node-1,0.415919,516586375,0.1,2026-06-08 14:48:43
api-gateway,auth,worker-node-3,1.584868,275829053,0.25,2026-06-08 14:49:02
api-gateway,proxy,worker-node-2,2.927233,276473938,0.25,2026-06-08 14:49:02
billing,api-7d9f,worker-node-1,2.256541,511569939,0.2,2026-06-08 14:49:02
billing,db-replica,worker-node-3,9.701001,2084190006,0.5,2026-06-08 14:49:02
billing,worker-2,worker-node-1,6.355535,1087598747,0.5,2026-06-08 14:49:02
logging,elasticsearch,worker-node-2,15.456663,2142446986,1.0,2026-06-08 14:49:02
logging,kibana,worker-node-3,3.650754,551383747,0.5,2026-06-08 14:49:02
ml-inference,gpu-0,worker-node-1,21.863086,4468211405,2.0,2026-06-08 14:49:02
ml-inference,gpu-1,worker-node-2,20.108198,4140927767,2.0,2026-06-08 14:49:02
monitoring,prometheus,worker-node-1,0.42458,544837223,0.1,2026-06-08 14:49:02
api-gateway,auth,worker-node-3,1.614936,264554769,0.25,2026-06-08 14:49:18
api-gateway,proxy,worker-node-2,2.977126,272442285,0.25,2026-06-08 14:49:18
billing,api-7d9f,worker-node-1,2.302508,533334659,0.2,2026-06-08 14:49:18
billing,db-replica,worker-node-3,9.894501,2111330212,0.5,2026-06-08 14:49:18
billing,worker-2,worker-node-1,6.471357,1117814281,0.5,2026-06-08 14:49:18
logging,elasticsearch,worker-node-2,15.70559,2124083190,1.0,2026-06-08 14:49:18
logging,kibana,worker-node-3,3.729332,528725349,0.5,2026-06-08 14:49:18
ml-inference,gpu-0,worker-node-1,22.282707,4128174881,2.0,2026-06-08 14:49:18
ml-inference,gpu-1,worker-node-2,20.538214,4194991467,2.0,2026-06-08 14:49:18
monitoring,prometheus,worker-node-1,0.431895,536028921,0.1,2026-06-08 14:49:18
api-gateway,auth,worker-node-3,1.646764,265937919,0.25,2026-06-08 14:49:37
api-gateway,proxy,worker-node-2,3.037942,267141477,0.25,2026-06-08 14:49:37
billing,api-7d9f,worker-node-1,2.344148,557477794,0.2,2026-06-08 14:49:37
billing,db-replica,worker-node-3,10.094928,2126566298,0.5,2026-06-08 14:49:37
billing,worker-2,worker-node-1,6.604113,1061921946,0.5,2026-06-08 14:49:37
logging,elasticsearch,worker-node-2,16.026903,2163151159,1.0,2026-06-08 14:49:37
logging,kibana,worker-node-3,3.794467,516843715,0.5,2026-06-08 14:49:37
ml-inference,gpu-0,worker-node-1,22.739974,4120731804,2.0,2026-06-08 14:49:37
ml-inference,gpu-1,worker-node-2,20.942546,4354528247,2.0,2026-06-08 14:49:37
monitoring,prometheus,worker-node-1,0.440664,561193562,0.1,2026-06-08 14:49:37
api-gateway,auth,worker-node-3,1.6777,279870500,0.25,2026-06-08 14:49:53
api-gateway,proxy,worker-node-2,3.100661,276881122,0.25,2026-06-08 14:49:53
billing,api-7d9f,worker-node-1,2.392043,542494484,0.2,2026-06-08 14:49:53
billing,db-replica,worker-node-3,10.250594,2049094843,0.5,2026-06-08 14:49:53
billing,worker-2,worker-node-1,6.730887,1120281427,0.5,2026-06-08 14:49:53
logging,elasticsearch,worker-node-2,16.283754,2180824535,1.0,2026-06-08 14:49:53
logging,kibana,worker-node-3,3.8622,556575527,0.5,2026-06-08 14:49:53
ml-inference,gpu-0,worker-node-1,23.116591,4248484269,2.0,2026-06-08 14:49:53
ml-inference,gpu-1,worker-node-2,21.32241,4459848094,2.0,2026-06-08 14:49:53
monitoring,prometheus,worker-node-1,0.448659,548476279,0.1,2026-06-08 14:49:53
api-gateway,auth,worker-node-3,1.733169,266790603,0.25,2026-06-08 14:50:12
api-gateway,proxy,worker-node-2,3.207913,261282860,0.25,2026-06-08 14:50:12
billing,api-7d9f,worker-node-1,2.476545,560835502,0.2,2026-06-08 14:50:12
billing,db-replica,worker-node-3,10.606529,2081858106,0.5,2026-06-08 14:50:12
billing,worker-2,worker-node-1,6.965869,1119926015,0.5,2026-06-08 14:50:12
logging,elasticsearch,worker-node-2,16.870613,2239621354,1.0,2026-06-08 14:50:12
logging,kibana,worker-node-3,4.011269,519331654,0.5,2026-06-08 14:50:12
ml-inference,gpu-0,worker-node-1,23.941236,4475489796,2.0,2026-06-08 14:50:12
ml-inference,gpu-1,worker-node-2,22.094312,4211757053,2.0,2026-06-08 14:50:12
monitoring,prometheus,worker-node-1,0.462984,561351039,0.1,2026-06-08 14:50:12
api-gateway,auth,worker-node-3,1.765778,277686014,0.25,2026-06-08 14:50:28
api-gateway,proxy,worker-node-2,3.270383,281337176,0.25,2026-06-08 14:50:28
billing,api-7d9f,worker-node-1,2.513998,533065639,0.2,2026-06-08 14:50:28
billing,db-replica,worker-node-3,10.809347,2057070559,0.5,2026-06-08 14:50:28
billing,worker-2,worker-node-1,7.071463,1114333206,0.5,2026-06-08 14:50:28
logging,elasticsearch,worker-node-2,17.188322,2150149253,1.0,2026-06-08 14:50:28
logging,kibana,worker-node-3,4.073465,533425256,0.5,2026-06-08 14:50:28
ml-inference,gpu-0,worker-node-1,24.298402,4337942127,2.0,2026-06-08 14:50:28
ml-inference,gpu-1,worker-node-2,22.420974,4080980612,2.0,2026-06-08 14:50:28
monitoring,prometheus,worker-node-1,0.469825,535061772,0.1,2026-06-08 14:50:28
api-gateway,auth,worker-node-3,1.798129,279351389,0.25,2026-06-08 14:50:47
api-gateway,proxy,worker-node-2,3.327662,269395361,0.25,2026-06-08 14:50:47
billing,api-7d9f,worker-node-1,2.55693,549252744,0.2,2026-06-08 14:50:47
billing,db-replica,worker-node-3,11.002858,2236469378,0.5,2026-06-08 14:50:47
billing,worker-2,worker-node-1,7.201231,1105568150,0.5,2026-06-08 14:50:47
logging,elasticsearch,worker-node-2,17.506338,2110112759,1.0,2026-06-08 14:50:47
logging,kibana,worker-node-3,4.144666,546208775,0.5,2026-06-08 14:50:47
ml-inference,gpu-0,worker-node-1,24.654097,4505560849,2.0,2026-06-08 14:50:47
ml-inference,gpu-1,worker-node-2,22.752928,4114776563,2.0,2026-06-08 14:50:47
monitoring,prometheus,worker-node-1,0.477248,518100123,0.1,2026-06-08 14:50:47
api-gateway,auth,worker-node-3,1.829973,262344465,0.25,2026-06-08 14:51:02
api-gateway,proxy,worker-node-2,3.377457,270197451,0.25,2026-06-08 14:51:02
billing,api-7d9f,worker-node-1,2.603668,546457713,0.2,2026-06-08 14:51:02
billing,db-replica,worker-node-3,11.203451,2167741833,0.5,2026-06-08 14:51:02
billing,worker-2,worker-node-1,7.309554,1096606247,0.5,2026-06-08 14:51:02
logging,elasticsearch,worker-node-2,17.756194,2170032911,1.0,2026-06-08 14:51:02
logging,kibana,worker-node-3,4.221757,514088718,0.5,2026-06-08 14:51:02
ml-inference,gpu-0,worker-node-1,25.093338,4150019580,2.0,2026-06-08 14:51:02
ml-inference,gpu-1,worker-node-2,23.134864,4166028348,2.0,2026-06-08 14:51:02
monitoring,prometheus,worker-node-1,0.484604,516654459,0.1,2026-06-08 14:51:02
api-gateway,auth,worker-node-3,1.856688,268642930,0.25,2026-06-08 14:51:21
api-gateway,proxy,worker-node-2,3.4387,272846961,0.25,2026-06-08 14:51:21
billing,api-7d9f,worker-node-1,2.645383,555923091,0.2,2026-06-08 14:51:21
billing,db-replica,worker-node-3,11.363353,2095621196,0.5,2026-06-08 14:51:21
billing,worker-2,worker-node-1,7.418033,1095625704,0.5,2026-06-08 14:51:21
logging,elasticsearch,worker-node-2,18.069721,2067147013,1.0,2026-06-08 14:51:21
logging,kibana,worker-node-3,4.285598,510375442,0.5,2026-06-08 14:51:21
ml-inference,gpu-0,worker-node-1,25.559717,4187147906,2.0,2026-06-08 14:51:21
ml-inference,gpu-1,worker-node-2,23.487287,4421954751,2.0,2026-06-08 14:51:21
monitoring,prometheus,worker-node-1,0.49244,562924993,0.1,2026-06-08 14:51:21
api-gateway,auth,worker-node-3,1.884483,257740512,0.25,2026-06-08 14:51:37
api-gateway,proxy,worker-node-2,3.48891,263186097,0.25,2026-06-08 14:51:37
billing,api-7d9f,worker-node-1,2.684318,523453913,0.2,2026-06-08 14:51:37
billing,db-replica,worker-node-3,11.520173,2239278236,0.5,2026-06-08 14:51:37
billing,worker-2,worker-node-1,7.553659,1073207579,0.5,2026-06-08 14:51:37
logging,elasticsearch,worker-node-2,18.382521,2245964853,1.0,2026-06-08 14:51:37
logging,kibana,worker-node-3,4.359273,552010584,0.5,2026-06-08 14:51:37
ml-inference,gpu-0,worker-node-1,26.027555,4451642581,2.0,2026-06-08 14:51:37
ml-inference,gpu-1,worker-node-2,23.914405,4082400788,2.0,2026-06-08 14:51:37
monitoring,prometheus,worker-node-1,0.500839,539004683,0.1,2026-06-08 14:51:37
api-gateway,auth,worker-node-3,1.91492,255484007,0.25,2026-06-08 14:51:56
api-gateway,proxy,worker-node-2,3.550899,257487725,0.25,2026-06-08 14:51:56
billing,api-7d9f,worker-node-1,2.730483,556232069,0.2,2026-06-08 14:51:56
billing,db-replica,worker-node-3,11.721327,2169579849,0.5,2026-06-08 14:51:56
billing,worker-2,worker-node-1,7.687549,1030107169,0.5,2026-06-08 14:51:56
logging,elasticsearch,worker-node-2,18.6349,2110460535,1.0,2026-06-08 14:51:56
logging,kibana,worker-node-3,4.430036,557547786,0.5,2026-06-08 14:51:56
ml-inference,gpu-0,worker-node-1,26.484242,4342347215,2.0,2026-06-08 14:51:56
ml-inference,gpu-1,worker-node-2,24.242991,4107326876,2.0,2026-06-08 14:51:56
monitoring,prometheus,worker-node-1,0.507897,515164220,0.1,2026-06-08 14:51:56
api-gateway,auth,worker-node-3,1.944827,271227677,0.25,2026-06-08 14:52:11
api-gateway,proxy,worker-node-2,3.601309,268541833,0.25,2026-06-08 14:52:11
billing,api-7d9f,worker-node-1,2.772741,518158757,0.2,2026-06-08 14:52:11
billing,db-replica,worker-node-3,11.890289,2209868732,0.5,2026-06-08 14:52:11
billing,worker-2,worker-node-1,7.813675,1110942492,0.5,2026-06-08 14:52:11
logging,elasticsearch,worker-node-2,18.938396,2223252863,1.0,2026-06-08 14:52:11
logging,kibana,worker-node-3,4.492905,542745177,0.5,2026-06-08 14:52:11
ml-inference,gpu-0,worker-node-1,26.9487,4323426243,2.0,2026-06-08 14:52:11
ml-inference,gpu-1,worker-node-2,24.640097,4250328719,2.0,2026-06-08 14:52:11
monitoring,prometheus,worker-node-1,0.51512,525601767,0.1,2026-06-08 14:52:11
api-gateway,auth,worker-node-3,1.977589,265793656,0.25,2026-06-08 14:52:30
api-gateway,proxy,worker-node-2,3.651233,267790114,0.25,2026-06-08 14:52:30
billing,api-7d9f,worker-node-1,2.816545,537488827,0.2,2026-06-08 14:52:30
billing,db-replica,worker-node-3,12.080349,2127060192,0.5,2026-06-08 14:52:30
billing,worker-2,worker-node-1,7.933523,1086250209,0.5,2026-06-08 14:52:30
logging,elasticsearch,worker-node-2,19.193186,2098259106,1.0,2026-06-08 14:52:30
logging,kibana,worker-node-3,4.562295,555573638,0.5,2026-06-08 14:52:30
ml-inference,gpu-0,worker-node-1,27.314056,4230532912,2.0,2026-06-08 14:52:30
ml-inference,gpu-1,worker-node-2,24.983412,4451709793,2.0,2026-06-08 14:52:30
monitoring,prometheus,worker-node-1,0.522321,520187437,0.1,2026-06-08 14:52:30
api-gateway,auth,worker-node-3,2.007831,262744275,0.25,2026-06-08 14:52:45
api-gateway,proxy,worker-node-2,3.71333,281207604,0.25,2026-06-08 14:52:45
billing,api-7d9f,worker-node-1,2.861002,539920920,0.2,2026-06-08 14:52:45
billing,db-replica,worker-node-3,12.256111,2146632067,0.5,2026-06-08 14:52:45
billing,worker-2,worker-node-1,8.050442,1032664056,0.5,2026-06-08 14:52:45
logging,elasticsearch,worker-node-2,19.449787,2131368278,1.0,2026-06-08 14:52:45
logging,kibana,worker-node-3,4.641965,525611559,0.5,2026-06-08 14:52:45
ml-inference,gpu-0,worker-node-1,27.76991,4457986783,2.0,2026-06-08 14:52:45
ml-inference,gpu-1,worker-node-2,25.38099,4147712953,2.0,2026-06-08 14:52:45
monitoring,prometheus,worker-node-1,0.530208,536102085,0.1,2026-06-08 14:52:45
api-gateway,auth,worker-node-3,2.03794,258486294,0.25,2026-06-08 14:53:04
api-gateway,proxy,worker-node-2,3.774563,279783659,0.25,2026-06-08 14:53:04
billing,api-7d9f,worker-node-1,2.901181,556471874,0.2,2026-06-08 14:53:04
billing,db-replica,worker-node-3,12.45002,2236694657,0.5,2026-06-08 14:53:04
billing,worker-2,worker-node-1,8.179697,1033016066,0.5,2026-06-08 14:53:04
logging,elasticsearch,worker-node-2,19.757224,2233787926,1.0,2026-06-08 14:53:04
logging,kibana,worker-node-3,4.719861,523103208,0.5,2026-06-08 14:53:04
ml-inference,gpu-0,worker-node-1,28.227209,4245743782,2.0,2026-06-08 14:53:04
ml-inference,gpu-1,worker-node-2,25.730975,4154775909,2.0,2026-06-08 14:53:04
monitoring,prometheus,worker-node-1,0.538076,532266535,0.1,2026-06-08 14:53:04
api-gateway,auth,worker-node-3,2.064172,277051643,0.25,2026-06-08 14:53:20
api-gateway,proxy,worker-node-2,3.822742,278920552,0.25,2026-06-08 14:53:20
billing,api-7d9f,worker-node-1,2.943381,551943876,0.2,2026-06-08 14:53:20
billing,db-replica,worker-node-3,12.644914,2083584318,0.5,2026-06-08 14:53:20
billing,worker-2,worker-node-1,8.284826,1119467231,0.5,2026-06-08 14:53:20
logging,elasticsearch,worker-node-2,20.064762,2222257598,1.0,2026-06-08 14:53:20
logging,kibana,worker-node-3,4.796418,520322468,0.5,2026-06-08 14:53:20
ml-inference,gpu-0,worker-node-1,28.576666,4244149017,2.0,2026-06-08 14:53:20
ml-inference,gpu-1,worker-node-2,26.090093,4183843791,2.0,2026-06-08 14:53:20
monitoring,prometheus,worker-node-1,0.545311,535935666,0.1,2026-06-08 14:53:20
api-gateway,auth,worker-node-3,2.098041,265319461,0.25,2026-06-08 14:53:39
api-gateway,proxy,worker-node-2,3.878621,271725120,0.25,2026-06-08 14:53:39
billing,api-7d9f,worker-node-1,2.981651,553214444,0.2,2026-06-08 14:53:39
billing,db-replica,worker-node-3,12.805758,2054870861,0.5,2026-06-08 14:53:39
billing,worker-2,worker-node-1,8.406087,1053734568,0.5,2026-06-08 14:53:39
logging,elasticsearch,worker-node-2,20.315278,2221102146,1.0,2026-06-08 14:53:39
logging,kibana,worker-node-3,4.867842,532477515,0.5,2026-06-08 14:53:39
ml-inference,gpu-0,worker-node-1,28.977873,4394942209,2.0,2026-06-08 14:53:39
ml-inference,gpu-1,worker-node-2,26.46487,4114106016,2.0,2026-06-08 14:53:39
monitoring,prometheus,worker-node-1,0.554269,543569470,0.1,2026-06-08 14:53:39
api-gateway,auth,worker-node-3,2.130245,273432241,0.25,2026-06-08 14:53:56
api-gateway,proxy,worker-node-2,3.928601,266329082,0.25,2026-06-08 14:53:56
billing,api-7d9f,worker-node-1,3.019812,547950273,0.2,2026-06-08 14:53:56
billing,db-replica,worker-node-3,12.9992,2201776871,0.5,2026-06-08 14:53:56
billing,worker-2,worker-node-1,8.518978,1062077814,0.5,2026-06-08 14:53:56
logging,elasticsearch,worker-node-2,20.615399,2050468649,1.0,2026-06-08 14:53:56
logging,kibana,worker-node-3,4.944851,537308628,0.5,2026-06-08 14:53:56
ml-inference,gpu-0,worker-node-1,29.358109,4080724334,2.0,2026-06-08 14:53:56
ml-inference,gpu-1,worker-node-2,26.824721,4250703044,2.0,2026-06-08 14:53:56
monitoring,prometheus,worker-node-1,0.562064,527000169,0.1,2026-06-08 14:53:56
api-gateway,auth,worker-node-3,2.156693,265451240,0.25,2026-06-08 14:54:15
api-gateway,proxy,worker-node-2,3.99036,279906233,0.25,2026-06-08 14:54:15
billing,api-7d9f,worker-node-1,3.059789,513326753,0.2,2026-06-08 14:54:15
billing,db-replica,worker-node-3,13.169551,2119171405,0.5,2026-06-08 14:54:15
billing,worker-2,worker-node-1,8.636659,1030538592,0.5,2026-06-08 14:54:15
logging,elasticsearch,worker-node-2,20.875355,2142324179,1.0,2026-06-08 14:54:15
logging,kibana,worker-node-3,5.015523,545925953,0.5,2026-06-08 14:54:15
ml-inference,gpu-0,worker-node-1,29.729729,4186925721,2.0,2026-06-08 14:54:15
ml-inference,gpu-1,worker-node-2,27.242961,4187500761,2.0,2026-06-08 14:54:15
monitoring,prometheus,worker-node-1,0.570664,542624785,0.1,2026-06-08 14:54:15
api-gateway,auth,worker-node-3,2.186118,255379991,0.25,2026-06-08 14:54:31
api-gateway,proxy,worker-node-2,4.043236,264284104,0.25,2026-06-08 14:54:31
billing,api-7d9f,worker-node-1,3.103151,527730136,0.2,2026-06-08 14:54:31
billing,db-replica,worker-node-3,13.36906,2233114629,0.5,2026-06-08 14:54:31
billing,worker-2,worker-node-1,8.76585,1110852878,0.5,2026-06-08 14:54:31
logging,elasticsearch,worker-node-2,21.168771,2134224718,1.0,2026-06-08 14:54:31
logging,kibana,worker-node-3,5.080968,539439953,0.5,2026-06-08 14:54:31
ml-inference,gpu-0,worker-node-1,30.139442,4339727101,2.0,2026-06-08 14:54:31
ml-inference,gpu-1,worker-node-2,27.577437,4146612312,2.0,2026-06-08 14:54:31
monitoring,prometheus,worker-node-1,0.578473,516803725,0.1,2026-06-08 14:54:31
api-gateway,auth,worker-node-3,2.248608,266634784,0.25,2026-06-08 14:54:50
api-gateway,proxy,worker-node-2,4.141952,279890489,0.25,2026-06-08 14:54:50
billing,api-7d9f,worker-node-1,3.186098,541771613,0.2,2026-06-08 14:54:50
billing,db-replica,worker-node-3,13.710821,2055912067,0.5,2026-06-08 14:54:50
billing,worker-2,worker-node-1,8.992199,1052801512,0.5,2026-06-08 14:54:50
logging,elasticsearch,worker-node-2,21.772233,2238091695,1.0,2026-06-08 14:54:50
logging,kibana,worker-node-3,5.226738,540893183,0.5,2026-06-08 14:54:50
ml-inference,gpu-0,worker-node-1,30.944114,4354053132,2.0,2026-06-08 14:54:50
ml-inference,gpu-1,worker-node-2,28.407665,4420577718,2.0,2026-06-08 14:54:50
monitoring,prometheus,worker-node-1,0.594296,536285336,0.1,2026-06-08 14:54:50
api-gateway,auth,worker-node-3,2.280998,268404145,0.25,2026-06-08 14:55:06
api-gateway,proxy,worker-node-2,4.189117,259704550,0.25,2026-06-08 14:55:06
billing,api-7d9f,worker-node-1,3.233693,522649023,0.2,2026-06-08 14:55:06
billing,db-replica,worker-node-3,13.885941,2105514560,0.5,2026-06-08 14:55:06
billing,worker-2,worker-node-1,9.121358,1039824520,0.5,2026-06-08 14:55:06
logging,elasticsearch,worker-node-2,22.085401,2120815128,1.0,2026-06-08 14:55:06
logging,kibana,worker-node-3,5.306181,527967751,0.5,2026-06-08 14:55:06
ml-inference,gpu-0,worker-node-1,31.360106,4162952303,2.0,2026-06-08 14:55:06
ml-inference,gpu-1,worker-node-2,28.830094,4303428256,2.0,2026-06-08 14:55:06
monitoring,prometheus,worker-node-1,0.602911,530831546,0.1,2026-06-08 14:55:06
api-gateway,auth,worker-node-3,2.308989,258762046,0.25,2026-06-08 14:55:25
api-gateway,proxy,worker-node-2,4.239697,255988628,0.25,2026-06-08 14:55:25
billing,api-7d9f,worker-node-1,3.28264,539456648,0.2,2026-06-08 14:55:25
billing,db-replica,worker-node-3,14.082771,2077500407,0.5,2026-06-08 14:55:25
billing,worker-2,worker-node-1,9.249208,1040869550,0.5,2026-06-08 14:55:25
logging,elasticsearch,worker-node-2,22.406606,2148122728,1.0,2026-06-08 14:55:25
logging,kibana,worker-node-3,5.376349,542454362,0.5,2026-06-08 14:55:25
ml-inference,gpu-0,worker-node-1,31.738528,4112557483,2.0,2026-06-08 14:55:25
ml-inference,gpu-1,worker-node-2,29.180971,4422803276,2.0,2026-06-08 14:55:25
monitoring,prometheus,worker-node-1,0.610832,521686674,0.1,2026-06-08 14:55:25
api-gateway,auth,worker-node-3,2.337469,268573831,0.25,2026-06-08 14:55:42
api-gateway,proxy,worker-node-2,4.294973,261435597,0.25,2026-06-08 14:55:42
billing,api-7d9f,worker-node-1,3.331661,533995183,0.2,2026-06-08 14:55:42
billing,db-replica,worker-node-3,14.273417,2084510198,0.5,2026-06-08 14:55:42
billing,worker-2,worker-node-1,9.36355,1062295830,0.5,2026-06-08 14:55:42
logging,elasticsearch,worker-node-2,22.725058,2043937060,1.0,2026-06-08 14:55:42
logging,kibana,worker-node-3,5.443273,554394492,0.5,2026-06-08 14:55:42
ml-inference,gpu-0,worker-node-1,32.115733,4240679754,2.0,2026-06-08 14:55:42
ml-inference,gpu-1,worker-node-2,29.601796,4491482026,2.0,2026-06-08 14:55:42
monitoring,prometheus,worker-node-1,0.618028,524016932,0.1,2026-06-08 14:55:42
api-gateway,auth,worker-node-3,2.370712,272283044,0.25,2026-06-08 14:56:01
api-gateway,proxy,worker-node-2,4.356277,259173526,0.25,2026-06-08 14:56:01
billing,api-7d9f,worker-node-1,3.373677,555315429,0.2,2026-06-08 14:56:01
billing,db-replica,worker-node-3,14.480102,2118994936,0.5,2026-06-08 14:56:01
billing,worker-2,worker-node-1,9.496177,1060148727,0.5,2026-06-08 14:56:01
logging,elasticsearch,worker-node-2,23.020386,2079897816,1.0,2026-06-08 14:56:01
logging,kibana,worker-node-3,5.519879,553487653,0.5,2026-06-08 14:56:01
ml-inference,gpu-0,worker-node-1,32.539993,4364723387,2.0,2026-06-08 14:56:01
ml-inference,gpu-1,worker-node-2,29.933499,4474846247,2.0,2026-06-08 14:56:01
monitoring,prometheus,worker-node-1,0.626881,534250114,0.1,2026-06-08 14:56:01
api-gateway,auth,worker-node-3,2.40273,261848412,0.25,2026-06-08 14:56:17
api-gateway,proxy,worker-node-2,4.418287,281242702,0.25,2026-06-08 14:56:17
billing,api-7d9f,worker-node-1,3.418396,523731143,0.2,2026-06-08 14:56:17
billing,db-replica,worker-node-3,14.668118,2219062092,0.5,2026-06-08 14:56:17
billing,worker-2,worker-node-1,9.608873,1051157149,0.5,2026-06-08 14:56:17
logging,elasticsearch,worker-node-2,23.321691,2047383612,1.0,2026-06-08 14:56:17
logging,kibana,worker-node-3,5.581051,547610018,0.5,2026-06-08 14:56:17
ml-inference,gpu-0,worker-node-1,32.932225,4458071734,2.0,2026-06-08 14:56:17
ml-inference,gpu-1,worker-node-2,30.267034,4288521690,2.0,2026-06-08 14:56:17
monitoring,prometheus,worker-node-1,0.635359,548715670,0.1,2026-06-08 14:56:17
api-gateway,auth,worker-node-3,2.428549,260904164,0.25,2026-06-08 14:56:36
api-gateway,proxy,worker-node-2,4.466993,258072600,0.25,2026-06-08 14:56:36
billing,api-7d9f,worker-node-1,3.464802,514354309,0.2,2026-06-08 14:56:36
billing,db-replica,worker-node-3,14.831942,2107791008,0.5,2026-06-08 14:56:36
billing,worker-2,worker-node-1,9.716052,1106360996,0.5,2026-06-08 14:56:36
logging,elasticsearch,worker-node-2,23.572647,2215570425,1.0,2026-06-08 14:56:36
logging,kibana,worker-node-3,5.644379,548797537,0.5,2026-06-08 14:56:36
ml-inference,gpu-0,worker-node-1,33.35714,4112415969,2.0,2026-06-08 14:56:36
ml-inference,gpu-1,worker-node-2,30.667785,4367653837,2.0,2026-06-08 14:56:36
monitoring,prometheus,worker-node-1,0.644105,537822995,0.1,2026-06-08 14:56:36
api-gateway,auth,worker-node-3,2.457201,273654475,0.25,2026-06-08 14:56:52
api-gateway,proxy,worker-node-2,4.514859,275869112,0.25,2026-06-08 14:56:52
billing,api-7d9f,worker-node-1,3.504243,550281605,0.2,2026-06-08 14:56:52
billing,db-replica,worker-node-3,14.998018,2223747704,0.5,2026-06-08 14:56:52
billing,worker-2,worker-node-1,9.837242,1053032361,0.5,2026-06-08 14:56:52
logging,elasticsearch,worker-node-2,23.894154,2134282338,1.0,2026-06-08 14:56:52
logging,kibana,worker-node-3,5.719902,530705861,0.5,2026-06-08 14:56:52
ml-inference,gpu-0,worker-node-1,33.820525,4451621045,2.0,2026-06-08 14:56:52
ml-inference,gpu-1,worker-node-2,31.012696,4465635739,2.0,2026-06-08 14:56:52
monitoring,prometheus,worker-node-1,0.652927,560342189,0.1,2026-06-08 14:56:52
api-gateway,auth,worker-node-3,2.484618,280939262,0.25,2026-06-08 14:57:10
api-gateway,proxy,worker-node-2,4.571137,258229900,0.25,2026-06-08 14:57:10
billing,api-7d9f,worker-node-1,3.553059,537784633,0.2,2026-06-08 14:57:10
billing,db-replica,worker-node-3,15.204916,2237920200,0.5,2026-06-08 14:57:10
billing,worker-2,worker-node-1,9.949952,1097253356,0.5,2026-06-08 14:57:10
logging,elasticsearch,worker-node-2,24.20984,2065734023,1.0,2026-06-08 14:57:10
logging,kibana,worker-node-3,5.793772,538078865,0.5,2026-06-08 14:57:10
ml-inference,gpu-0,worker-node-1,34.184217,4221672889,2.0,2026-06-08 14:57:10
ml-inference,gpu-1,worker-node-2,31.438343,4156991880,2.0,2026-06-08 14:57:10
monitoring,prometheus,worker-node-1,0.660278,561215409,0.1,2026-06-08 14:57:10
api-gateway,auth,worker-node-3,2.517338,268200252,0.25,2026-06-08 14:57:26
api-gateway,proxy,worker-node-2,4.628534,264239195,0.25,2026-06-08 14:57:26
billing,api-7d9f,worker-node-1,3.59272,542515994,0.2,2026-06-08 14:57:26
billing,db-replica,worker-node-3,15.366981,2057579241,0.5,2026-06-08 14:57:26
billing,worker-2,worker-node-1,10.054105,1023257517,0.5,2026-06-08 14:57:26
logging,elasticsearch,worker-node-2,24.530059,2087125483,1.0,2026-06-08 14:57:26
logging,kibana,worker-node-3,5.865167,563432996,0.5,2026-06-08 14:57:26
ml-inference,gpu-0,worker-node-1,34.54391,4082341017,2.0,2026-06-08 14:57:26
ml-inference,gpu-1,worker-node-2,31.848382,4405708203,2.0,2026-06-08 14:57:26
monitoring,prometheus,worker-node-1,0.669082,521807636,0.1,2026-06-08 14:57:26
